Country,ISO3,Year,Gender,Age,Population,Start Age
Hungary,HUN,1950,Male,"""0-4""",421143,0
Hungary,HUN,1951,Male,"""0-4""",436984,0
Hungary,HUN,1952,Male,"""0-4""",445508,0
Hungary,HUN,1953,Male,"""0-4""",452596.5,0
Hungary,HUN,1954,Male,"""0-4""",467013,0
Hungary,HUN,1955,Male,"""0-4""",480715,0
Hungary,HUN,1956,Male,"""0-4""",485373,0
Hungary,HUN,1957,Male,"""0-4""",481796,0
Hungary,HUN,1958,Male,"""0-4""",467570.5,0
Hungary,HUN,1959,Male,"""0-4""",440595.5,0
Hungary,HUN,1960,Male,"""0-4""",409925.5,0
Hungary,HUN,1961,Male,"""0-4""",384086.5,0
Hungary,HUN,1962,Male,"""0-4""",363675,0
Hungary,HUN,1963,Male,"""0-4""",348941,0
Hungary,HUN,1964,Male,"""0-4""",338768,0
Hungary,HUN,1965,Male,"""0-4""",331491,0
Hungary,HUN,1966,Male,"""0-4""",328269,0
Hungary,HUN,1967,Male,"""0-4""",333162,0
Hungary,HUN,1968,Male,"""0-4""",343828,0
Hungary,HUN,1969,Male,"""0-4""",355590.5,0
Hungary,HUN,1970,Male,"""0-4""",366390,0
Hungary,HUN,1971,Male,"""0-4""",374311.5,0
Hungary,HUN,1972,Male,"""0-4""",378841,0
Hungary,HUN,1973,Male,"""0-4""",380676,0
Hungary,HUN,1974,Male,"""0-4""",388944.5,0
Hungary,HUN,1975,Male,"""0-4""",407275,0
Hungary,HUN,1976,Male,"""0-4""",426672.5,0
Hungary,HUN,1977,Male,"""0-4""",441664.5,0
Hungary,HUN,1978,Male,"""0-4""",450960,0
Hungary,HUN,1979,Male,"""0-4""",449719.5,0
Hungary,HUN,1980,Male,"""0-4""",433735.5,0
Hungary,HUN,1981,Male,"""0-4""",411135,0
Hungary,HUN,1982,Male,"""0-4""",389190.5,0
Hungary,HUN,1983,Male,"""0-4""",367544,0
Hungary,HUN,1984,Male,"""0-4""",347378.5,0
Hungary,HUN,1985,Male,"""0-4""",333438.5,0
Hungary,HUN,1986,Male,"""0-4""",325271.5,0
Hungary,HUN,1987,Male,"""0-4""",319525.5,0
Hungary,HUN,1988,Male,"""0-4""",316883,0
Hungary,HUN,1989,Male,"""0-4""",316063.5,0
Hungary,HUN,1990,Male,"""0-4""",315271.5,0
Hungary,HUN,1991,Male,"""0-4""",314990.5,0
Hungary,HUN,1992,Male,"""0-4""",314509,0
Hungary,HUN,1993,Male,"""0-4""",312095,0
Hungary,HUN,1994,Male,"""0-4""",308570.5,0
Hungary,HUN,1995,Male,"""0-4""",303292.5,0
Hungary,HUN,1996,Male,"""0-4""",294582.5,0
Hungary,HUN,1997,Male,"""0-4""",284078.5,0
Hungary,HUN,1998,Male,"""0-4""",273804.5,0
Hungary,HUN,1999,Male,"""0-4""",263776.5,0
Hungary,HUN,2000,Male,"""0-4""",254943,0
Hungary,HUN,2001,Male,"""0-4""",248394,0
Hungary,HUN,2002,Male,"""0-4""",245233,0
Hungary,HUN,2003,Male,"""0-4""",244627.5,0
Hungary,HUN,2004,Male,"""0-4""",244898,0
Hungary,HUN,2005,Male,"""0-4""",245716,0
Hungary,HUN,2006,Male,"""0-4""",246926.5,0
Hungary,HUN,2007,Male,"""0-4""",248034.5,0
Hungary,HUN,2008,Male,"""0-4""",249140,0
Hungary,HUN,2009,Male,"""0-4""",250552.5,0
Hungary,HUN,2010,Male,"""0-4""",249163,0
Hungary,HUN,2011,Male,"""0-4""",244264,0
Hungary,HUN,2012,Male,"""0-4""",239588,0
Hungary,HUN,2013,Male,"""0-4""",235805.5,0
Hungary,HUN,2014,Male,"""0-4""",232997.5,0
Hungary,HUN,2015,Male,"""0-4""",233013,0
Hungary,HUN,2016,Male,"""0-4""",235585.5,0
Hungary,HUN,2017,Male,"""0-4""",238121.5,0
Hungary,HUN,2018,Male,"""0-4""",239723.5,0
Hungary,HUN,2019,Male,"""0-4""",240559.5,0
Hungary,HUN,2020,Male,"""0-4""",241066.5,0
Hungary,HUN,2021,Male,"""0-4""",241224,0
Hungary,HUN,2022,Male,"""0-4""",240058,0
Hungary,HUN,2023,Male,"""0-4""",237604,0
Hungary,HUN,1950,Male,"""5-14""",760855,5
Hungary,HUN,1951,Male,"""5-14""",759771,5
Hungary,HUN,1952,Male,"""5-14""",765724.5,5
Hungary,HUN,1953,Male,"""5-14""",778274.5,5
Hungary,HUN,1954,Male,"""5-14""",792914.5,5
Hungary,HUN,1955,Male,"""5-14""",808129.5,5
Hungary,HUN,1956,Male,"""5-14""",815433.5,5
Hungary,HUN,1957,Male,"""5-14""",818338.5,5
Hungary,HUN,1958,Male,"""5-14""",832264,5
Hungary,HUN,1959,Male,"""5-14""",855158.5,5
Hungary,HUN,1960,Male,"""5-14""",880842.5,5
Hungary,HUN,1961,Male,"""5-14""",904400.5,5
Hungary,HUN,1962,Male,"""5-14""",913119,5
Hungary,HUN,1963,Male,"""5-14""",907916.5,5
Hungary,HUN,1964,Male,"""5-14""",897240,5
Hungary,HUN,1965,Male,"""5-14""",882112.5,5
Hungary,HUN,1966,Male,"""5-14""",864372,5
Hungary,HUN,1967,Male,"""5-14""",843604.5,5
Hungary,HUN,1968,Male,"""5-14""",815450.5,5
Hungary,HUN,1969,Male,"""5-14""",777626,5
Hungary,HUN,1970,Male,"""5-14""",738828.5,5
Hungary,HUN,1971,Male,"""5-14""",709474.5,5
Hungary,HUN,1972,Male,"""5-14""",694324.5,5
Hungary,HUN,1973,Male,"""5-14""",691237.5,5
Hungary,HUN,1974,Male,"""5-14""",693673.5,5
Hungary,HUN,1975,Male,"""5-14""",698211,5
Hungary,HUN,1976,Male,"""5-14""",704017,5
Hungary,HUN,1977,Male,"""5-14""",714207.5,5
Hungary,HUN,1978,Male,"""5-14""",727368.5,5
Hungary,HUN,1979,Male,"""5-14""",746975.5,5
Hungary,HUN,1980,Male,"""5-14""",774357,5
Hungary,HUN,1981,Male,"""5-14""",800140,5
Hungary,HUN,1982,Male,"""5-14""",818696,5
Hungary,HUN,1983,Male,"""5-14""",829656,5
Hungary,HUN,1984,Male,"""5-14""",835663.5,5
Hungary,HUN,1985,Male,"""5-14""",836898.5,5
Hungary,HUN,1986,Male,"""5-14""",834191.5,5
Hungary,HUN,1987,Male,"""5-14""",827394.5,5
Hungary,HUN,1988,Male,"""5-14""",814664,5
Hungary,HUN,1989,Male,"""5-14""",790754,5
Hungary,HUN,1990,Male,"""5-14""",758973,5
Hungary,HUN,1991,Male,"""5-14""",730360.5,5
Hungary,HUN,1992,Male,"""5-14""",706394,5
Hungary,HUN,1993,Male,"""5-14""",686215,5
Hungary,HUN,1994,Male,"""5-14""",669292,5
Hungary,HUN,1995,Male,"""5-14""",656685,5
Hungary,HUN,1996,Male,"""5-14""",648453.5,5
Hungary,HUN,1997,Male,"""5-14""",642445.5,5
Hungary,HUN,1998,Male,"""5-14""",637268.5,5
Hungary,HUN,1999,Male,"""5-14""",631728,5
Hungary,HUN,2000,Male,"""5-14""",623369.5,5
Hungary,HUN,2001,Male,"""5-14""",611227.5,5
Hungary,HUN,2002,Male,"""5-14""",598254.5,5
Hungary,HUN,2003,Male,"""5-14""",585289.5,5
Hungary,HUN,2004,Male,"""5-14""",571357.5,5
Hungary,HUN,2005,Male,"""5-14""",557380,5
Hungary,HUN,2006,Male,"""5-14""",543682,5
Hungary,HUN,2007,Male,"""5-14""",531166.5,5
Hungary,HUN,2008,Male,"""5-14""",520681.5,5
Hungary,HUN,2009,Male,"""5-14""",511179,5
Hungary,HUN,2010,Male,"""5-14""",503476.5,5
Hungary,HUN,2011,Male,"""5-14""",499298,5
Hungary,HUN,2012,Male,"""5-14""",497523.5,5
Hungary,HUN,2013,Male,"""5-14""",497639,5
Hungary,HUN,2014,Male,"""5-14""",499482,5
Hungary,HUN,2015,Male,"""5-14""",499015,5
Hungary,HUN,2016,Male,"""5-14""",495244,5
Hungary,HUN,2017,Male,"""5-14""",492054.5,5
Hungary,HUN,2018,Male,"""5-14""",490253.5,5
Hungary,HUN,2019,Male,"""5-14""",489349.5,5
Hungary,HUN,2020,Male,"""5-14""",487643,5
Hungary,HUN,2021,Male,"""5-14""",484715,5
Hungary,HUN,2022,Male,"""5-14""",483525.5,5
Hungary,HUN,2023,Male,"""5-14""",483078.5,5
Hungary,HUN,1950,Male,"""15-24""",767649,15
Hungary,HUN,1951,Male,"""15-24""",761117,15
Hungary,HUN,1952,Male,"""15-24""",755872,15
Hungary,HUN,1953,Male,"""15-24""",751016,15
Hungary,HUN,1954,Male,"""15-24""",745749,15
Hungary,HUN,1955,Male,"""15-24""",741148,15
Hungary,HUN,1956,Male,"""15-24""",716696,15
Hungary,HUN,1957,Male,"""15-24""",691922.5,15
Hungary,HUN,1958,Male,"""15-24""",692265,15
Hungary,HUN,1959,Male,"""15-24""",701464,15
Hungary,HUN,1960,Male,"""15-24""",709907,15
Hungary,HUN,1961,Male,"""15-24""",715402,15
Hungary,HUN,1962,Male,"""15-24""",727937.5,15
Hungary,HUN,1963,Male,"""15-24""",745335,15
Hungary,HUN,1964,Male,"""15-24""",762540.5,15
Hungary,HUN,1965,Male,"""15-24""",778579.5,15
Hungary,HUN,1966,Male,"""15-24""",793416.5,15
Hungary,HUN,1967,Male,"""15-24""",806249.5,15
Hungary,HUN,1968,Male,"""15-24""",823270,15
Hungary,HUN,1969,Male,"""15-24""",848127,15
Hungary,HUN,1970,Male,"""15-24""",875170,15
Hungary,HUN,1971,Male,"""15-24""",897995.5,15
Hungary,HUN,1972,Male,"""15-24""",905432,15
Hungary,HUN,1973,Male,"""15-24""",899145.5,15
Hungary,HUN,1974,Male,"""15-24""",887255.5,15
Hungary,HUN,1975,Male,"""15-24""",870676.5,15
Hungary,HUN,1976,Male,"""15-24""",851587,15
Hungary,HUN,1977,Male,"""15-24""",830362.5,15
Hungary,HUN,1978,Male,"""15-24""",803655,15
Hungary,HUN,1979,Male,"""15-24""",769188,15
Hungary,HUN,1980,Male,"""15-24""",732171.5,15
Hungary,HUN,1981,Male,"""15-24""",701600,15
Hungary,HUN,1982,Male,"""15-24""",684279,15
Hungary,HUN,1983,Male,"""15-24""",678591.5,15
Hungary,HUN,1984,Male,"""15-24""",678471.5,15
Hungary,HUN,1985,Male,"""15-24""",680656.5,15
Hungary,HUN,1986,Male,"""15-24""",684136.5,15
Hungary,HUN,1987,Male,"""15-24""",692487,15
Hungary,HUN,1988,Male,"""15-24""",704988,15
Hungary,HUN,1989,Male,"""15-24""",725890.5,15
Hungary,HUN,1990,Male,"""15-24""",756755,15
Hungary,HUN,1991,Male,"""15-24""",785328.5,15
Hungary,HUN,1992,Male,"""15-24""",804610,15
Hungary,HUN,1993,Male,"""15-24""",815625.5,15
Hungary,HUN,1994,Male,"""15-24""",821551,15
Hungary,HUN,1995,Male,"""15-24""",823556.5,15
Hungary,HUN,1996,Male,"""15-24""",822868.5,15
Hungary,HUN,1997,Male,"""15-24""",818770.5,15
Hungary,HUN,1998,Male,"""15-24""",810113,15
Hungary,HUN,1999,Male,"""15-24""",792970,15
Hungary,HUN,2000,Male,"""15-24""",769371,15
Hungary,HUN,2001,Male,"""15-24""",745836.5,15
Hungary,HUN,2002,Male,"""15-24""",722626.5,15
Hungary,HUN,2003,Male,"""15-24""",701627.5,15
Hungary,HUN,2004,Male,"""15-24""",683261,15
Hungary,HUN,2005,Male,"""15-24""",669317,15
Hungary,HUN,2006,Male,"""15-24""",659709.5,15
Hungary,HUN,2007,Male,"""15-24""",652280.5,15
Hungary,HUN,2008,Male,"""15-24""",645913.5,15
Hungary,HUN,2009,Male,"""15-24""",641514.5,15
Hungary,HUN,2010,Male,"""15-24""",635054,15
Hungary,HUN,2011,Male,"""15-24""",626436,15
Hungary,HUN,2012,Male,"""15-24""",618789.5,15
Hungary,HUN,2013,Male,"""15-24""",608257.5,15
Hungary,HUN,2014,Male,"""15-24""",595600.5,15
Hungary,HUN,2015,Male,"""15-24""",582476,15
Hungary,HUN,2016,Male,"""15-24""",568070,15
Hungary,HUN,2017,Male,"""15-24""",554774.5,15
Hungary,HUN,2018,Male,"""15-24""",544657,15
Hungary,HUN,2019,Male,"""15-24""",535073.5,15
Hungary,HUN,2020,Male,"""15-24""",525289.5,15
Hungary,HUN,2021,Male,"""15-24""",518618,15
Hungary,HUN,2022,Male,"""15-24""",515281.5,15
Hungary,HUN,2023,Male,"""15-24""",514473.5,15
Hungary,HUN,1950,Male,"""25-64""",2224734.5,25
Hungary,HUN,1951,Male,"""25-64""",2253565,25
Hungary,HUN,1952,Male,"""25-64""",2280801.5,25
Hungary,HUN,1953,Male,"""25-64""",2310416,25
Hungary,HUN,1954,Male,"""25-64""",2342338,25
Hungary,HUN,1955,Male,"""25-64""",2377208,25
Hungary,HUN,1956,Male,"""25-64""",2390584,25
Hungary,HUN,1957,Male,"""25-64""",2390595,25
Hungary,HUN,1958,Male,"""25-64""",2406017.5,25
Hungary,HUN,1959,Male,"""25-64""",2424206.5,25
Hungary,HUN,1960,Male,"""25-64""",2438894,25
Hungary,HUN,1961,Male,"""25-64""",2450160,25
Hungary,HUN,1962,Male,"""25-64""",2457414.5,25
Hungary,HUN,1963,Male,"""25-64""",2463097,25
Hungary,HUN,1964,Male,"""25-64""",2469354.5,25
Hungary,HUN,1965,Male,"""25-64""",2476625.5,25
Hungary,HUN,1966,Male,"""25-64""",2484778.5,25
Hungary,HUN,1967,Male,"""25-64""",2493253,25
Hungary,HUN,1968,Male,"""25-64""",2501694.5,25
Hungary,HUN,1969,Male,"""25-64""",2513297,25
Hungary,HUN,1970,Male,"""25-64""",2523529,25
Hungary,HUN,1971,Male,"""25-64""",2527480,25
Hungary,HUN,1972,Male,"""25-64""",2534937,25
Hungary,HUN,1973,Male,"""25-64""",2547123.5,25
Hungary,HUN,1974,Male,"""25-64""",2559096.5,25
Hungary,HUN,1975,Male,"""25-64""",2571555,25
Hungary,HUN,1976,Male,"""25-64""",2584169,25
Hungary,HUN,1977,Male,"""25-64""",2594541.5,25
Hungary,HUN,1978,Male,"""25-64""",2608346,25
Hungary,HUN,1979,Male,"""25-64""",2631911.5,25
Hungary,HUN,1980,Male,"""25-64""",2662635,25
Hungary,HUN,1981,Male,"""25-64""",2695355.5,25
Hungary,HUN,1982,Male,"""25-64""",2721970.5,25
Hungary,HUN,1983,Male,"""25-64""",2739633.5,25
Hungary,HUN,1984,Male,"""25-64""",2741609,25
Hungary,HUN,1985,Male,"""25-64""",2728228,25
Hungary,HUN,1986,Male,"""25-64""",2709289.5,25
Hungary,HUN,1987,Male,"""25-64""",2686028,25
Hungary,HUN,1988,Male,"""25-64""",2661569,25
Hungary,HUN,1989,Male,"""25-64""",2638148,25
Hungary,HUN,1990,Male,"""25-64""",2620266,25
Hungary,HUN,1991,Male,"""25-64""",2609622,25
Hungary,HUN,1992,Male,"""25-64""",2603812,25
Hungary,HUN,1993,Male,"""25-64""",2600940,25
Hungary,HUN,1994,Male,"""25-64""",2598882.5,25
Hungary,HUN,1995,Male,"""25-64""",2596953,25
Hungary,HUN,1996,Male,"""25-64""",2596779,25
Hungary,HUN,1997,Male,"""25-64""",2599941.5,25
Hungary,HUN,1998,Male,"""25-64""",2604264,25
Hungary,HUN,1999,Male,"""25-64""",2615778.5,25
Hungary,HUN,2000,Male,"""25-64""",2637661,25
Hungary,HUN,2001,Male,"""25-64""",2664616.5,25
Hungary,HUN,2002,Male,"""25-64""",2687723.5,25
Hungary,HUN,2003,Male,"""25-64""",2705517,25
Hungary,HUN,2004,Male,"""25-64""",2723468.5,25
Hungary,HUN,2005,Male,"""25-64""",2737609.5,25
Hungary,HUN,2006,Male,"""25-64""",2748046.5,25
Hungary,HUN,2007,Male,"""25-64""",2753447.5,25
Hungary,HUN,2008,Male,"""25-64""",2754588,25
Hungary,HUN,2009,Male,"""25-64""",2752962.5,25
Hungary,HUN,2010,Male,"""25-64""",2752837.5,25
Hungary,HUN,2011,Male,"""25-64""",2749606.5,25
Hungary,HUN,2012,Male,"""25-64""",2740216.5,25
Hungary,HUN,2013,Male,"""25-64""",2730420,25
Hungary,HUN,2014,Male,"""25-64""",2719341,25
Hungary,HUN,2015,Male,"""25-64""",2710156.5,25
Hungary,HUN,2016,Male,"""25-64""",2700936.5,25
Hungary,HUN,2017,Male,"""25-64""",2694152,25
Hungary,HUN,2018,Male,"""25-64""",2690630,25
Hungary,HUN,2019,Male,"""25-64""",2684123,25
Hungary,HUN,2020,Male,"""25-64""",2669178,25
Hungary,HUN,2021,Male,"""25-64""",2650626,25
Hungary,HUN,2022,Male,"""25-64""",2640628,25
Hungary,HUN,2023,Male,"""25-64""",2638266,25
Hungary,HUN,1950,Male,"""65+""",319963.5,65
Hungary,HUN,1951,Male,"""65+""",326690.5,65
Hungary,HUN,1952,Male,"""65+""",331654,65
Hungary,HUN,1953,Male,"""65+""",335428,65
Hungary,HUN,1954,Male,"""65+""",339166.5,65
Hungary,HUN,1955,Male,"""65+""",343893,65
Hungary,HUN,1956,Male,"""65+""",349053,65
Hungary,HUN,1957,Male,"""65+""",354360.5,65
Hungary,HUN,1958,Male,"""65+""",361658.5,65
Hungary,HUN,1959,Male,"""65+""",369235.5,65
Hungary,HUN,1960,Male,"""65+""",376384.5,65
Hungary,HUN,1961,Male,"""65+""",385934,65
Hungary,HUN,1962,Male,"""65+""",395777,65
Hungary,HUN,1963,Male,"""65+""",407393,65
Hungary,HUN,1964,Male,"""65+""",421814,65
Hungary,HUN,1965,Male,"""65+""",436036,65
Hungary,HUN,1966,Male,"""65+""",450602,65
Hungary,HUN,1967,Male,"""65+""",465384.5,65
Hungary,HUN,1968,Male,"""65+""",477928.5,65
Hungary,HUN,1969,Male,"""65+""",487624,65
Hungary,HUN,1970,Male,"""65+""",495602,65
Hungary,HUN,1971,Male,"""65+""",503681,65
Hungary,HUN,1972,Male,"""65+""",513751,65
Hungary,HUN,1973,Male,"""65+""",525220.5,65
Hungary,HUN,1974,Male,"""65+""",537127.5,65
Hungary,HUN,1975,Male,"""65+""",548714.5,65
Hungary,HUN,1976,Male,"""65+""",558665.5,65
Hungary,HUN,1977,Male,"""65+""",568331,65
Hungary,HUN,1978,Male,"""65+""",576260.5,65
Hungary,HUN,1979,Male,"""65+""",581809.5,65
Hungary,HUN,1980,Male,"""65+""",577795.5,65
Hungary,HUN,1981,Male,"""65+""",560434.5,65
Hungary,HUN,1982,Male,"""65+""",539048,65
Hungary,HUN,1983,Male,"""65+""",517216.5,65
Hungary,HUN,1984,Male,"""65+""",505500,65
Hungary,HUN,1985,Male,"""65+""",506328,65
Hungary,HUN,1986,Male,"""65+""",510734.5,65
Hungary,HUN,1987,Male,"""65+""",516662,65
Hungary,HUN,1988,Male,"""65+""",523387,65
Hungary,HUN,1989,Male,"""65+""",528430,65
Hungary,HUN,1990,Male,"""65+""",532932.5,65
Hungary,HUN,1991,Male,"""65+""",538413,65
Hungary,HUN,1992,Male,"""65+""",541699,65
Hungary,HUN,1993,Male,"""65+""",544004.5,65
Hungary,HUN,1994,Male,"""65+""",547284,65
Hungary,HUN,1995,Male,"""65+""",552050,65
Hungary,HUN,1996,Male,"""65+""",556047.5,65
Hungary,HUN,1997,Male,"""65+""",558788,65
Hungary,HUN,1998,Male,"""65+""",561812.5,65
Hungary,HUN,1999,Male,"""65+""",563830,65
Hungary,HUN,2000,Male,"""65+""",565322.5,65
Hungary,HUN,2001,Male,"""65+""",566255,65
Hungary,HUN,2002,Male,"""65+""",566262.5,65
Hungary,HUN,2003,Male,"""65+""",566340.5,65
Hungary,HUN,2004,Male,"""65+""",567374,65
Hungary,HUN,2005,Male,"""65+""",570553.5,65
Hungary,HUN,2006,Male,"""65+""",575097,65
Hungary,HUN,2007,Male,"""65+""",580767,65
Hungary,HUN,2008,Male,"""65+""",587279,65
Hungary,HUN,2009,Male,"""65+""",595080,65
Hungary,HUN,2010,Male,"""65+""",601261.5,65
Hungary,HUN,2011,Male,"""65+""",609470.5,65
Hungary,HUN,2012,Male,"""65+""",622282,65
Hungary,HUN,2013,Male,"""65+""",635564.5,65
Hungary,HUN,2014,Male,"""65+""",650193.5,65
Hungary,HUN,2015,Male,"""65+""",665504,65
Hungary,HUN,2016,Male,"""65+""",680273,65
Hungary,HUN,2017,Male,"""65+""",693098.5,65
Hungary,HUN,2018,Male,"""65+""",707911,65
Hungary,HUN,2019,Male,"""65+""",728925.5,65
Hungary,HUN,2020,Male,"""65+""",748896.5,65
Hungary,HUN,2021,Male,"""65+""",759093,65
Hungary,HUN,2022,Male,"""65+""",765642,65
Hungary,HUN,2023,Male,"""65+""",774657.5,65
Hungary,HUN,1950,Female,"""0-4""",403620.5,0
Hungary,HUN,1951,Female,"""0-4""",418884,0
Hungary,HUN,1952,Female,"""0-4""",427826.5,0
Hungary,HUN,1953,Female,"""0-4""",434448.5,0
Hungary,HUN,1954,Female,"""0-4""",447354.5,0
Hungary,HUN,1955,Female,"""0-4""",459739.5,0
Hungary,HUN,1956,Female,"""0-4""",463495.5,0
Hungary,HUN,1957,Female,"""0-4""",458803.5,0
Hungary,HUN,1958,Female,"""0-4""",444322,0
Hungary,HUN,1959,Female,"""0-4""",419065,0
Hungary,HUN,1960,Female,"""0-4""",389984,0
Hungary,HUN,1961,Female,"""0-4""",364472,0
Hungary,HUN,1962,Female,"""0-4""",344632.5,0
Hungary,HUN,1963,Female,"""0-4""",330491,0
Hungary,HUN,1964,Female,"""0-4""",320276.5,0
Hungary,HUN,1965,Female,"""0-4""",313073,0
Hungary,HUN,1966,Female,"""0-4""",309936.5,0
Hungary,HUN,1967,Female,"""0-4""",314256,0
Hungary,HUN,1968,Female,"""0-4""",324161,0
Hungary,HUN,1969,Female,"""0-4""",334655,0
Hungary,HUN,1970,Female,"""0-4""",344310.5,0
Hungary,HUN,1971,Female,"""0-4""",352295,0
Hungary,HUN,1972,Female,"""0-4""",356930.5,0
Hungary,HUN,1973,Female,"""0-4""",358552.5,0
Hungary,HUN,1974,Female,"""0-4""",366984.5,0
Hungary,HUN,1975,Female,"""0-4""",385120.5,0
Hungary,HUN,1976,Female,"""0-4""",403664.5,0
Hungary,HUN,1977,Female,"""0-4""",418303.5,0
Hungary,HUN,1978,Female,"""0-4""",427513,0
Hungary,HUN,1979,Female,"""0-4""",425430.5,0
Hungary,HUN,1980,Female,"""0-4""",410147.5,0
Hungary,HUN,1981,Female,"""0-4""",390411,0
Hungary,HUN,1982,Female,"""0-4""",370388.5,0
Hungary,HUN,1983,Female,"""0-4""",350240,0
Hungary,HUN,1984,Female,"""0-4""",332138.5,0
Hungary,HUN,1985,Female,"""0-4""",319101.5,0
Hungary,HUN,1986,Female,"""0-4""",310985.5,0
Hungary,HUN,1987,Female,"""0-4""",305669,0
Hungary,HUN,1988,Female,"""0-4""",303140.5,0
Hungary,HUN,1989,Female,"""0-4""",301895,0
Hungary,HUN,1990,Female,"""0-4""",301089,0
Hungary,HUN,1991,Female,"""0-4""",300879,0
Hungary,HUN,1992,Female,"""0-4""",300180,0
Hungary,HUN,1993,Female,"""0-4""",297863,0
Hungary,HUN,1994,Female,"""0-4""",294456,0
Hungary,HUN,1995,Female,"""0-4""",289005.5,0
Hungary,HUN,1996,Female,"""0-4""",280211.5,0
Hungary,HUN,1997,Female,"""0-4""",269621,0
Hungary,HUN,1998,Female,"""0-4""",259401,0
Hungary,HUN,1999,Female,"""0-4""",249645,0
Hungary,HUN,2000,Female,"""0-4""",241648.5,0
Hungary,HUN,2001,Female,"""0-4""",236007,0
Hungary,HUN,2002,Female,"""0-4""",233203,0
Hungary,HUN,2003,Female,"""0-4""",232385,0
Hungary,HUN,2004,Female,"""0-4""",232197.5,0
Hungary,HUN,2005,Female,"""0-4""",232396,0
Hungary,HUN,2006,Female,"""0-4""",233342.5,0
Hungary,HUN,2007,Female,"""0-4""",234816.5,0
Hungary,HUN,2008,Female,"""0-4""",236273.5,0
Hungary,HUN,2009,Female,"""0-4""",237863.5,0
Hungary,HUN,2010,Female,"""0-4""",236864,0
Hungary,HUN,2011,Female,"""0-4""",232528.5,0
Hungary,HUN,2012,Female,"""0-4""",227597.5,0
Hungary,HUN,2013,Female,"""0-4""",223441.5,0
Hungary,HUN,2014,Female,"""0-4""",220687,0
Hungary,HUN,2015,Female,"""0-4""",220503,0
Hungary,HUN,2016,Female,"""0-4""",222719,0
Hungary,HUN,2017,Female,"""0-4""",225428.5,0
Hungary,HUN,2018,Female,"""0-4""",227259,0
Hungary,HUN,2019,Female,"""0-4""",227862.5,0
Hungary,HUN,2020,Female,"""0-4""",228002.5,0
Hungary,HUN,2021,Female,"""0-4""",228060,0
Hungary,HUN,2022,Female,"""0-4""",226892.5,0
Hungary,HUN,2023,Female,"""0-4""",224445.5,0
Hungary,HUN,1950,Female,"""5-14""",742196,5
Hungary,HUN,1951,Female,"""5-14""",740332,5
Hungary,HUN,1952,Female,"""5-14""",744235.5,5
Hungary,HUN,1953,Female,"""5-14""",754135,5
Hungary,HUN,1954,Female,"""5-14""",766466,5
Hungary,HUN,1955,Female,"""5-14""",779183.5,5
Hungary,HUN,1956,Female,"""5-14""",787997,5
Hungary,HUN,1957,Female,"""5-14""",793203,5
Hungary,HUN,1958,Female,"""5-14""",805125,5
Hungary,HUN,1959,Female,"""5-14""",824708.5,5
Hungary,HUN,1960,Female,"""5-14""",846821,5
Hungary,HUN,1961,Female,"""5-14""",867509,5
Hungary,HUN,1962,Female,"""5-14""",874114.5,5
Hungary,HUN,1963,Female,"""5-14""",867057,5
Hungary,HUN,1964,Female,"""5-14""",855284,5
Hungary,HUN,1965,Female,"""5-14""",839295,5
Hungary,HUN,1966,Female,"""5-14""",820046.5,5
Hungary,HUN,1967,Female,"""5-14""",798254.5,5
Hungary,HUN,1968,Female,"""5-14""",770702,5
Hungary,HUN,1969,Female,"""5-14""",735410.5,5
Hungary,HUN,1970,Female,"""5-14""",699352.5,5
Hungary,HUN,1971,Female,"""5-14""",671171.5,5
Hungary,HUN,1972,Female,"""5-14""",656252,5
Hungary,HUN,1973,Female,"""5-14""",652994,5
Hungary,HUN,1974,Female,"""5-14""",654072.5,5
Hungary,HUN,1975,Female,"""5-14""",657023,5
Hungary,HUN,1976,Female,"""5-14""",662083,5
Hungary,HUN,1977,Female,"""5-14""",671342,5
Hungary,HUN,1978,Female,"""5-14""",683598.5,5
Hungary,HUN,1979,Female,"""5-14""",702610,5
Hungary,HUN,1980,Female,"""5-14""",729343,5
Hungary,HUN,1981,Female,"""5-14""",754693.5,5
Hungary,HUN,1982,Female,"""5-14""",773431.5,5
Hungary,HUN,1983,Female,"""5-14""",784461.5,5
Hungary,HUN,1984,Female,"""5-14""",790718,5
Hungary,HUN,1985,Female,"""5-14""",793092,5
Hungary,HUN,1986,Female,"""5-14""",791843,5
Hungary,HUN,1987,Female,"""5-14""",786426.5,5
Hungary,HUN,1988,Female,"""5-14""",775261.5,5
Hungary,HUN,1989,Female,"""5-14""",753578,5
Hungary,HUN,1990,Female,"""5-14""",724048.5,5
Hungary,HUN,1991,Female,"""5-14""",697605,5
Hungary,HUN,1992,Female,"""5-14""",675244.5,5
Hungary,HUN,1993,Female,"""5-14""",655888.5,5
Hungary,HUN,1994,Female,"""5-14""",639856.5,5
Hungary,HUN,1995,Female,"""5-14""",628235,5
Hungary,HUN,1996,Female,"""5-14""",620727,5
Hungary,HUN,1997,Female,"""5-14""",615317.5,5
Hungary,HUN,1998,Female,"""5-14""",610556.5,5
Hungary,HUN,1999,Female,"""5-14""",604811,5
Hungary,HUN,2000,Female,"""5-14""",596028.5,5
Hungary,HUN,2001,Female,"""5-14""",583493.5,5
Hungary,HUN,2002,Female,"""5-14""",570211.5,5
Hungary,HUN,2003,Female,"""5-14""",557599.5,5
Hungary,HUN,2004,Female,"""5-14""",544454,5
Hungary,HUN,2005,Female,"""5-14""",531077.5,5
Hungary,HUN,2006,Female,"""5-14""",517596,5
Hungary,HUN,2007,Female,"""5-14""",505209,5
Hungary,HUN,2008,Female,"""5-14""",494609.5,5
Hungary,HUN,2009,Female,"""5-14""",485137,5
Hungary,HUN,2010,Female,"""5-14""",477529,5
Hungary,HUN,2011,Female,"""5-14""",472657.5,5
Hungary,HUN,2012,Female,"""5-14""",470867.5,5
Hungary,HUN,2013,Female,"""5-14""",471454,5
Hungary,HUN,2014,Female,"""5-14""",473333,5
Hungary,HUN,2015,Female,"""5-14""",473284,5
Hungary,HUN,2016,Female,"""5-14""",470109,5
Hungary,HUN,2017,Female,"""5-14""",466790,5
Hungary,HUN,2018,Female,"""5-14""",464598.5,5
Hungary,HUN,2019,Female,"""5-14""",463776.5,5
Hungary,HUN,2020,Female,"""5-14""",462581,5
Hungary,HUN,2021,Female,"""5-14""",459975.5,5
Hungary,HUN,2022,Female,"""5-14""",458647.5,5
Hungary,HUN,2023,Female,"""5-14""",458000.5,5
Hungary,HUN,1950,Female,"""15-24""",774829,15
Hungary,HUN,1951,Female,"""15-24""",763559.5,15
Hungary,HUN,1952,Female,"""15-24""",755279,15
Hungary,HUN,1953,Female,"""15-24""",748910,15
Hungary,HUN,1954,Female,"""15-24""",742451.5,15
Hungary,HUN,1955,Female,"""15-24""",736905.5,15
Hungary,HUN,1956,Female,"""15-24""",725509.5,15
Hungary,HUN,1957,Female,"""15-24""",715521,15
Hungary,HUN,1958,Female,"""15-24""",714995,15
Hungary,HUN,1959,Female,"""15-24""",719978,15
Hungary,HUN,1960,Female,"""15-24""",723700.5,15
Hungary,HUN,1961,Female,"""15-24""",722988.5,15
Hungary,HUN,1962,Female,"""15-24""",727620,15
Hungary,HUN,1963,Female,"""15-24""",737785.5,15
Hungary,HUN,1964,Female,"""15-24""",749427,15
Hungary,HUN,1965,Female,"""15-24""",761113,15
Hungary,HUN,1966,Female,"""15-24""",773168.5,15
Hungary,HUN,1967,Female,"""15-24""",783327,15
Hungary,HUN,1968,Female,"""15-24""",796595.5,15
Hungary,HUN,1969,Female,"""15-24""",816721,15
Hungary,HUN,1970,Female,"""15-24""",839706.5,15
Hungary,HUN,1971,Female,"""15-24""",860696,15
Hungary,HUN,1972,Female,"""15-24""",867544,15
Hungary,HUN,1973,Female,"""15-24""",860880.5,15
Hungary,HUN,1974,Female,"""15-24""",849318.5,15
Hungary,HUN,1975,Female,"""15-24""",833703,15
Hungary,HUN,1976,Female,"""15-24""",814729,15
Hungary,HUN,1977,Female,"""15-24""",793314,15
Hungary,HUN,1978,Female,"""15-24""",766825,15
Hungary,HUN,1979,Female,"""15-24""",733146,15
Hungary,HUN,1980,Female,"""15-24""",697722,15
Hungary,HUN,1981,Female,"""15-24""",668673,15
Hungary,HUN,1982,Female,"""15-24""",652351.5,15
Hungary,HUN,1983,Female,"""15-24""",647507,15
Hungary,HUN,1984,Female,"""15-24""",647059.5,15
Hungary,HUN,1985,Female,"""15-24""",648465.5,15
Hungary,HUN,1986,Female,"""15-24""",651910.5,15
Hungary,HUN,1987,Female,"""15-24""",659792.5,15
Hungary,HUN,1988,Female,"""15-24""",671472.5,15
Hungary,HUN,1989,Female,"""15-24""",691450,15
Hungary,HUN,1990,Female,"""15-24""",721027.5,15
Hungary,HUN,1991,Female,"""15-24""",748397,15
Hungary,HUN,1992,Female,"""15-24""",767133,15
Hungary,HUN,1993,Female,"""15-24""",777685.5,15
Hungary,HUN,1994,Female,"""15-24""",783452.5,15
Hungary,HUN,1995,Female,"""15-24""",785859,15
Hungary,HUN,1996,Female,"""15-24""",785312,15
Hungary,HUN,1997,Female,"""15-24""",781269.5,15
Hungary,HUN,1998,Female,"""15-24""",773006.5,15
Hungary,HUN,1999,Female,"""15-24""",757004.5,15
Hungary,HUN,2000,Female,"""15-24""",734874.5,15
Hungary,HUN,2001,Female,"""15-24""",713475.5,15
Hungary,HUN,2002,Female,"""15-24""",692094,15
Hungary,HUN,2003,Female,"""15-24""",672144.5,15
Hungary,HUN,2004,Female,"""15-24""",655265.5,15
Hungary,HUN,2005,Female,"""15-24""",643025,15
Hungary,HUN,2006,Female,"""15-24""",634604.5,15
Hungary,HUN,2007,Female,"""15-24""",627349.5,15
Hungary,HUN,2008,Female,"""15-24""",620673,15
Hungary,HUN,2009,Female,"""15-24""",615137,15
Hungary,HUN,2010,Female,"""15-24""",607493,15
Hungary,HUN,2011,Female,"""15-24""",596439.5,15
Hungary,HUN,2012,Female,"""15-24""",586446,15
Hungary,HUN,2013,Female,"""15-24""",576325,15
Hungary,HUN,2014,Female,"""15-24""",564335,15
Hungary,HUN,2015,Female,"""15-24""",551140,15
Hungary,HUN,2016,Female,"""15-24""",536855,15
Hungary,HUN,2017,Female,"""15-24""",524092.5,15
Hungary,HUN,2018,Female,"""15-24""",513774.5,15
Hungary,HUN,2019,Female,"""15-24""",503750.5,15
Hungary,HUN,2020,Female,"""15-24""",494255.5,15
Hungary,HUN,2021,Female,"""15-24""",488617,15
Hungary,HUN,2022,Female,"""15-24""",486829.5,15
Hungary,HUN,2023,Female,"""15-24""",486884,15
Hungary,HUN,1950,Female,"""25-64""",2513622.5,25
Hungary,HUN,1951,Female,"""25-64""",2540142.5,25
Hungary,HUN,1952,Female,"""25-64""",2563664,25
Hungary,HUN,1953,Female,"""25-64""",2585083,25
Hungary,HUN,1954,Female,"""25-64""",2607171.5,25
Hungary,HUN,1955,Female,"""25-64""",2633388.5,25
Hungary,HUN,1956,Female,"""25-64""",2647478,25
Hungary,HUN,1957,Female,"""25-64""",2650377,25
Hungary,HUN,1958,Female,"""25-64""",2659869,25
Hungary,HUN,1959,Female,"""25-64""",2671337.5,25
Hungary,HUN,1960,Female,"""25-64""",2681088.5,25
Hungary,HUN,1961,Female,"""25-64""",2688477,25
Hungary,HUN,1962,Female,"""25-64""",2693766,25
Hungary,HUN,1963,Female,"""25-64""",2698771,25
Hungary,HUN,1964,Female,"""25-64""",2704144,25
Hungary,HUN,1965,Female,"""25-64""",2708884,25
Hungary,HUN,1966,Female,"""25-64""",2713377.5,25
Hungary,HUN,1967,Female,"""25-64""",2718670.5,25
Hungary,HUN,1968,Female,"""25-64""",2723615.5,25
Hungary,HUN,1969,Female,"""25-64""",2730543.5,25
Hungary,HUN,1970,Female,"""25-64""",2736860.5,25
Hungary,HUN,1971,Female,"""25-64""",2737661.5,25
Hungary,HUN,1972,Female,"""25-64""",2740285.5,25
Hungary,HUN,1973,Female,"""25-64""",2747077,25
Hungary,HUN,1974,Female,"""25-64""",2753490,25
Hungary,HUN,1975,Female,"""25-64""",2760129,25
Hungary,HUN,1976,Female,"""25-64""",2767890.5,25
Hungary,HUN,1977,Female,"""25-64""",2773099,25
Hungary,HUN,1978,Female,"""25-64""",2781144.5,25
Hungary,HUN,1979,Female,"""25-64""",2798109.5,25
Hungary,HUN,1980,Female,"""25-64""",2824180.5,25
Hungary,HUN,1981,Female,"""25-64""",2857636,25
Hungary,HUN,1982,Female,"""25-64""",2887765,25
Hungary,HUN,1983,Female,"""25-64""",2910534.5,25
Hungary,HUN,1984,Female,"""25-64""",2916340.5,25
Hungary,HUN,1985,Female,"""25-64""",2902446,25
Hungary,HUN,1986,Female,"""25-64""",2881429.5,25
Hungary,HUN,1987,Female,"""25-64""",2855886.5,25
Hungary,HUN,1988,Female,"""25-64""",2830035,25
Hungary,HUN,1989,Female,"""25-64""",2808138.5,25
Hungary,HUN,1990,Female,"""25-64""",2791490.5,25
Hungary,HUN,1991,Female,"""25-64""",2780281,25
Hungary,HUN,1992,Female,"""25-64""",2775366.5,25
Hungary,HUN,1993,Female,"""25-64""",2774924.5,25
Hungary,HUN,1994,Female,"""25-64""",2775267.5,25
Hungary,HUN,1995,Female,"""25-64""",2775008.5,25
Hungary,HUN,1996,Female,"""25-64""",2775352,25
Hungary,HUN,1997,Female,"""25-64""",2777890,25
Hungary,HUN,1998,Female,"""25-64""",2781541,25
Hungary,HUN,1999,Female,"""25-64""",2792999,25
Hungary,HUN,2000,Female,"""25-64""",2813493,25
Hungary,HUN,2001,Female,"""25-64""",2835759,25
Hungary,HUN,2002,Female,"""25-64""",2853696.5,25
Hungary,HUN,2003,Female,"""25-64""",2867206.5,25
Hungary,HUN,2004,Female,"""25-64""",2879922,25
Hungary,HUN,2005,Female,"""25-64""",2886415,25
Hungary,HUN,2006,Female,"""25-64""",2889567.5,25
Hungary,HUN,2007,Female,"""25-64""",2888990.5,25
Hungary,HUN,2008,Female,"""25-64""",2884251,25
Hungary,HUN,2009,Female,"""25-64""",2876451.5,25
Hungary,HUN,2010,Female,"""25-64""",2870322,25
Hungary,HUN,2011,Female,"""25-64""",2864091.5,25
Hungary,HUN,2012,Female,"""25-64""",2850557.5,25
Hungary,HUN,2013,Female,"""25-64""",2833016,25
Hungary,HUN,2014,Female,"""25-64""",2812694,25
Hungary,HUN,2015,Female,"""25-64""",2793056.5,25
Hungary,HUN,2016,Female,"""25-64""",2772121,25
Hungary,HUN,2017,Female,"""25-64""",2752479,25
Hungary,HUN,2018,Female,"""25-64""",2733731,25
Hungary,HUN,2019,Female,"""25-64""",2710578,25
Hungary,HUN,2020,Female,"""25-64""",2682709,25
Hungary,HUN,2021,Female,"""25-64""",2655126,25
Hungary,HUN,2022,Female,"""25-64""",2636744,25
Hungary,HUN,2023,Female,"""25-64""",2627078.5,25
Hungary,HUN,1950,Female,"""65+""",409267.5,65
Hungary,HUN,1951,Female,"""65+""",422128,65
Hungary,HUN,1952,Female,"""65+""",433362,65
Hungary,HUN,1953,Female,"""65+""",444173.5,65
Hungary,HUN,1954,Female,"""65+""",453961,65
Hungary,HUN,1955,Female,"""65+""",462896,65
Hungary,HUN,1956,Female,"""65+""",472369,65
Hungary,HUN,1957,Female,"""65+""",483010.5,65
Hungary,HUN,1958,Female,"""65+""",496591,65
Hungary,HUN,1959,Female,"""65+""",511092,65
Hungary,HUN,1960,Female,"""65+""",525826.5,65
Hungary,HUN,1961,Female,"""65+""",543084,65
Hungary,HUN,1962,Female,"""65+""",560010,65
Hungary,HUN,1963,Female,"""65+""",577054,65
Hungary,HUN,1964,Female,"""65+""",595522.5,65
Hungary,HUN,1965,Female,"""65+""",613909.5,65
Hungary,HUN,1966,Female,"""65+""",632437.5,65
Hungary,HUN,1967,Female,"""65+""",650649,65
Hungary,HUN,1968,Female,"""65+""",667298.5,65
Hungary,HUN,1969,Female,"""65+""",681994.5,65
Hungary,HUN,1970,Female,"""65+""",695393.5,65
Hungary,HUN,1971,Female,"""65+""",709202.5,65
Hungary,HUN,1972,Female,"""65+""",726006,65
Hungary,HUN,1973,Female,"""65+""",744532,65
Hungary,HUN,1974,Female,"""65+""",763950,65
Hungary,HUN,1975,Female,"""65+""",783244.5,65
Hungary,HUN,1976,Female,"""65+""",800293.5,65
Hungary,HUN,1977,Female,"""65+""",817974,65
Hungary,HUN,1978,Female,"""65+""",834517,65
Hungary,HUN,1979,Female,"""65+""",849352.5,65
Hungary,HUN,1980,Female,"""65+""",853279,65
Hungary,HUN,1981,Female,"""65+""",839250.5,65
Hungary,HUN,1982,Female,"""65+""",818995.5,65
Hungary,HUN,1983,Female,"""65+""",797604.5,65
Hungary,HUN,1984,Female,"""65+""",789449,65
Hungary,HUN,1985,Female,"""65+""",798610.5,65
Hungary,HUN,1986,Female,"""65+""",811306,65
Hungary,HUN,1987,Female,"""65+""",825233.5,65
Hungary,HUN,1988,Female,"""65+""",839130.5,65
Hungary,HUN,1989,Female,"""65+""",849073,65
Hungary,HUN,1990,Female,"""65+""",859427.5,65
Hungary,HUN,1991,Female,"""65+""",872299.5,65
Hungary,HUN,1992,Female,"""65+""",882526,65
Hungary,HUN,1993,Female,"""65+""",891628.5,65
Hungary,HUN,1994,Female,"""65+""",901324.5,65
Hungary,HUN,1995,Female,"""65+""",912143,65
Hungary,HUN,1996,Female,"""65+""",921901.5,65
Hungary,HUN,1997,Female,"""65+""",930479.5,65
Hungary,HUN,1998,Female,"""65+""",939949,65
Hungary,HUN,1999,Female,"""65+""",947253,65
Hungary,HUN,2000,Female,"""65+""",953888,65
Hungary,HUN,2001,Female,"""65+""",961625.5,65
Hungary,HUN,2002,Female,"""65+""",969160.5,65
Hungary,HUN,2003,Female,"""65+""",976225.5,65
Hungary,HUN,2004,Female,"""65+""",983593,65
Hungary,HUN,2005,Female,"""65+""",992216.5,65
Hungary,HUN,2006,Female,"""65+""",1001371,65
Hungary,HUN,2007,Female,"""65+""",1012020,65
Hungary,HUN,2008,Female,"""65+""",1023248,65
Hungary,HUN,2009,Female,"""65+""",1035500.5,65
Hungary,HUN,2010,Female,"""65+""",1045128,65
Hungary,HUN,2011,Female,"""65+""",1051884.5,65
Hungary,HUN,2012,Female,"""65+""",1062755,65
Hungary,HUN,2013,Female,"""65+""",1077423.5,65
Hungary,HUN,2014,Female,"""65+""",1094178.5,65
Hungary,HUN,2015,Female,"""65+""",1111063,65
Hungary,HUN,2016,Female,"""65+""",1128619,65
Hungary,HUN,2017,Female,"""65+""",1144613.5,65
Hungary,HUN,2018,Female,"""65+""",1161855.5,65
Hungary,HUN,2019,Female,"""65+""",1186348,65
Hungary,HUN,2020,Female,"""65+""",1209835,65
Hungary,HUN,2021,Female,"""65+""",1221795,65
Hungary,HUN,2022,Female,"""65+""",1230057,65
Hungary,HUN,2023,Female,"""65+""",1241975.5,65
Singapore,SGP,1950,Male,"""0-4""",85628,0
Singapore,SGP,1951,Male,"""0-4""",94232,0
Singapore,SGP,1952,Male,"""0-4""",103195,0
Singapore,SGP,1953,Male,"""0-4""",112089,0
Singapore,SGP,1954,Male,"""0-4""",120565.5,0
Singapore,SGP,1955,Male,"""0-4""",127939.5,0
Singapore,SGP,1956,Male,"""0-4""",134190,0
Singapore,SGP,1957,Male,"""0-4""",139549.5,0
Singapore,SGP,1958,Male,"""0-4""",143366.5,0
Singapore,SGP,1959,Male,"""0-4""",145631.5,0
Singapore,SGP,1960,Male,"""0-4""",146792,0
Singapore,SGP,1961,Male,"""0-4""",146956.5,0
Singapore,SGP,1962,Male,"""0-4""",146222,0
Singapore,SGP,1963,Male,"""0-4""",145051,0
Singapore,SGP,1964,Male,"""0-4""",143742.5,0
Singapore,SGP,1965,Male,"""0-4""",142214,0
Singapore,SGP,1966,Male,"""0-4""",140306.5,0
Singapore,SGP,1967,Male,"""0-4""",137763,0
Singapore,SGP,1968,Male,"""0-4""",134304.5,0
Singapore,SGP,1969,Male,"""0-4""",129734.5,0
Singapore,SGP,1970,Male,"""0-4""",124338.5,0
Singapore,SGP,1971,Male,"""0-4""",119240,0
Singapore,SGP,1972,Male,"""0-4""",115582.5,0
Singapore,SGP,1973,Male,"""0-4""",113670.5,0
Singapore,SGP,1974,Male,"""0-4""",113025,0
Singapore,SGP,1975,Male,"""0-4""",112467,0
Singapore,SGP,1976,Male,"""0-4""",111042,0
Singapore,SGP,1977,Male,"""0-4""",108414,0
Singapore,SGP,1978,Male,"""0-4""",104881,0
Singapore,SGP,1979,Male,"""0-4""",101633,0
Singapore,SGP,1980,Male,"""0-4""",100357,0
Singapore,SGP,1981,Male,"""0-4""",101990.5,0
Singapore,SGP,1982,Male,"""0-4""",105061.5,0
Singapore,SGP,1983,Male,"""0-4""",107518,0
Singapore,SGP,1984,Male,"""0-4""",108936.5,0
Singapore,SGP,1985,Male,"""0-4""",109588,0
Singapore,SGP,1986,Male,"""0-4""",108927,0
Singapore,SGP,1987,Male,"""0-4""",108327,0
Singapore,SGP,1988,Male,"""0-4""",111202,0
Singapore,SGP,1989,Male,"""0-4""",116452.5,0
Singapore,SGP,1990,Male,"""0-4""",121740,0
Singapore,SGP,1991,Male,"""0-4""",127632.5,0
Singapore,SGP,1992,Male,"""0-4""",132709,0
Singapore,SGP,1993,Male,"""0-4""",134976,0
Singapore,SGP,1994,Male,"""0-4""",135521.5,0
Singapore,SGP,1995,Male,"""0-4""",135632,0
Singapore,SGP,1996,Male,"""0-4""",135312.5,0
Singapore,SGP,1997,Male,"""0-4""",134606.5,0
Singapore,SGP,1998,Male,"""0-4""",132835.5,0
Singapore,SGP,1999,Male,"""0-4""",129590,0
Singapore,SGP,2000,Male,"""0-4""",126778,0
Singapore,SGP,2001,Male,"""0-4""",125034,0
Singapore,SGP,2002,Male,"""0-4""",122313,0
Singapore,SGP,2003,Male,"""0-4""",118448,0
Singapore,SGP,2004,Male,"""0-4""",115064,0
Singapore,SGP,2005,Male,"""0-4""",112526.5,0
Singapore,SGP,2006,Male,"""0-4""",110934,0
Singapore,SGP,2007,Male,"""0-4""",110857,0
Singapore,SGP,2008,Male,"""0-4""",112433,0
Singapore,SGP,2009,Male,"""0-4""",114210.5,0
Singapore,SGP,2010,Male,"""0-4""",114546,0
Singapore,SGP,2011,Male,"""0-4""",114569.5,0
Singapore,SGP,2012,Male,"""0-4""",115294,0
Singapore,SGP,2013,Male,"""0-4""",115634.5,0
Singapore,SGP,2014,Male,"""0-4""",116181.5,0
Singapore,SGP,2015,Male,"""0-4""",117992.5,0
Singapore,SGP,2016,Male,"""0-4""",119899.5,0
Singapore,SGP,2017,Male,"""0-4""",120511,0
Singapore,SGP,2018,Male,"""0-4""",120111.5,0
Singapore,SGP,2019,Male,"""0-4""",119254,0
Singapore,SGP,2020,Male,"""0-4""",117072.5,0
Singapore,SGP,2021,Male,"""0-4""",114475,0
Singapore,SGP,2022,Male,"""0-4""",114366.5,0
Singapore,SGP,2023,Male,"""0-4""",116468.5,0
Singapore,SGP,1950,Male,"""5-14""",123380.5,5
Singapore,SGP,1951,Male,"""5-14""",129827.5,5
Singapore,SGP,1952,Male,"""5-14""",136564.5,5
Singapore,SGP,1953,Male,"""5-14""",144067.5,5
Singapore,SGP,1954,Male,"""5-14""",152819.5,5
Singapore,SGP,1955,Male,"""5-14""",163578,5
Singapore,SGP,1956,Male,"""5-14""",176378,5
Singapore,SGP,1957,Male,"""5-14""",189980.5,5
Singapore,SGP,1958,Male,"""5-14""",203418,5
Singapore,SGP,1959,Male,"""5-14""",216818,5
Singapore,SGP,1960,Male,"""5-14""",230095,5
Singapore,SGP,1961,Male,"""5-14""",242627,5
Singapore,SGP,1962,Male,"""5-14""",253973.5,5
Singapore,SGP,1963,Male,"""5-14""",263586,5
Singapore,SGP,1964,Male,"""5-14""",271519.5,5
Singapore,SGP,1965,Male,"""5-14""",278312,5
Singapore,SGP,1966,Male,"""5-14""",284152.5,5
Singapore,SGP,1967,Male,"""5-14""",289024.5,5
Singapore,SGP,1968,Male,"""5-14""",292892,5
Singapore,SGP,1969,Male,"""5-14""",295681,5
Singapore,SGP,1970,Male,"""5-14""",296869,5
Singapore,SGP,1971,Male,"""5-14""",295649,5
Singapore,SGP,1972,Male,"""5-14""",291834,5
Singapore,SGP,1973,Male,"""5-14""",285652.5,5
Singapore,SGP,1974,Male,"""5-14""",277386,5
Singapore,SGP,1975,Male,"""5-14""",268173,5
Singapore,SGP,1976,Male,"""5-14""",259565,5
Singapore,SGP,1977,Male,"""5-14""",252180.5,5
Singapore,SGP,1978,Male,"""5-14""",245486.5,5
Singapore,SGP,1979,Male,"""5-14""",238576.5,5
Singapore,SGP,1980,Male,"""5-14""",232168.5,5
Singapore,SGP,1981,Male,"""5-14""",227768,5
Singapore,SGP,1982,Male,"""5-14""",224587,5
Singapore,SGP,1983,Male,"""5-14""",221740,5
Singapore,SGP,1984,Male,"""5-14""",219749.5,5
Singapore,SGP,1985,Male,"""5-14""",218062.5,5
Singapore,SGP,1986,Male,"""5-14""",216307.5,5
Singapore,SGP,1987,Male,"""5-14""",214850,5
Singapore,SGP,1988,Male,"""5-14""",213641.5,5
Singapore,SGP,1989,Male,"""5-14""",213582.5,5
Singapore,SGP,1990,Male,"""5-14""",215398,5
Singapore,SGP,1991,Male,"""5-14""",217619,5
Singapore,SGP,1992,Male,"""5-14""",220167,5
Singapore,SGP,1993,Male,"""5-14""",225097,5
Singapore,SGP,1994,Male,"""5-14""",231553.5,5
Singapore,SGP,1995,Male,"""5-14""",237706,5
Singapore,SGP,1996,Male,"""5-14""",243607.5,5
Singapore,SGP,1997,Male,"""5-14""",249246.5,5
Singapore,SGP,1998,Male,"""5-14""",254849,5
Singapore,SGP,1999,Male,"""5-14""",260150.5,5
Singapore,SGP,2000,Male,"""5-14""",264735,5
Singapore,SGP,2001,Male,"""5-14""",269453.5,5
Singapore,SGP,2002,Male,"""5-14""",272515,5
Singapore,SGP,2003,Male,"""5-14""",271175.5,5
Singapore,SGP,2004,Male,"""5-14""",268118.5,5
Singapore,SGP,2005,Male,"""5-14""",266517,5
Singapore,SGP,2006,Male,"""5-14""",265346.5,5
Singapore,SGP,2007,Male,"""5-14""",263478.5,5
Singapore,SGP,2008,Male,"""5-14""",260822.5,5
Singapore,SGP,2009,Male,"""5-14""",257500,5
Singapore,SGP,2010,Male,"""5-14""",254030,5
Singapore,SGP,2011,Male,"""5-14""",251095.5,5
Singapore,SGP,2012,Male,"""5-14""",248709,5
Singapore,SGP,2013,Male,"""5-14""",246487,5
Singapore,SGP,2014,Male,"""5-14""",244148,5
Singapore,SGP,2015,Male,"""5-14""",240988.5,5
Singapore,SGP,2016,Male,"""5-14""",237679,5
Singapore,SGP,2017,Male,"""5-14""",235885.5,5
Singapore,SGP,2018,Male,"""5-14""",235590.5,5
Singapore,SGP,2019,Male,"""5-14""",235487,5
Singapore,SGP,2020,Male,"""5-14""",233677.5,5
Singapore,SGP,2021,Male,"""5-14""",231764,5
Singapore,SGP,2022,Male,"""5-14""",233687.5,5
Singapore,SGP,2023,Male,"""5-14""",233313.5,5
Singapore,SGP,1950,Male,"""15-24""",92191.5,15
Singapore,SGP,1951,Male,"""15-24""",98457,15
Singapore,SGP,1952,Male,"""15-24""",105115.5,15
Singapore,SGP,1953,Male,"""15-24""",111925,15
Singapore,SGP,1954,Male,"""15-24""",118544.5,15
Singapore,SGP,1955,Male,"""15-24""",124754,15
Singapore,SGP,1956,Male,"""15-24""",130428.5,15
Singapore,SGP,1957,Male,"""15-24""",134486,15
Singapore,SGP,1958,Male,"""15-24""",136453.5,15
Singapore,SGP,1959,Male,"""15-24""",137965,15
Singapore,SGP,1960,Male,"""15-24""",140417,15
Singapore,SGP,1961,Male,"""15-24""",144211.5,15
Singapore,SGP,1962,Male,"""15-24""",149570,15
Singapore,SGP,1963,Male,"""15-24""",156582.5,15
Singapore,SGP,1964,Male,"""15-24""",164968,15
Singapore,SGP,1965,Male,"""15-24""",174351,15
Singapore,SGP,1966,Male,"""15-24""",184747,15
Singapore,SGP,1967,Male,"""15-24""",196388,15
Singapore,SGP,1968,Male,"""15-24""",209347,15
Singapore,SGP,1969,Male,"""15-24""",223147,15
Singapore,SGP,1970,Male,"""15-24""",236669,15
Singapore,SGP,1971,Male,"""15-24""",248890,15
Singapore,SGP,1972,Male,"""15-24""",259305,15
Singapore,SGP,1973,Male,"""15-24""",268130.5,15
Singapore,SGP,1974,Male,"""15-24""",276021,15
Singapore,SGP,1975,Male,"""15-24""",283383,15
Singapore,SGP,1976,Male,"""15-24""",290034,15
Singapore,SGP,1977,Male,"""15-24""",295278.5,15
Singapore,SGP,1978,Male,"""15-24""",298704,15
Singapore,SGP,1979,Male,"""15-24""",300163,15
Singapore,SGP,1980,Male,"""15-24""",303456,15
Singapore,SGP,1981,Male,"""15-24""",311579.5,15
Singapore,SGP,1982,Male,"""15-24""",316917.5,15
Singapore,SGP,1983,Male,"""15-24""",314414.5,15
Singapore,SGP,1984,Male,"""15-24""",306794,15
Singapore,SGP,1985,Male,"""15-24""",295543,15
Singapore,SGP,1986,Male,"""15-24""",285238,15
Singapore,SGP,1987,Male,"""15-24""",280826.5,15
Singapore,SGP,1988,Male,"""15-24""",280795.5,15
Singapore,SGP,1989,Male,"""15-24""",282709.5,15
Singapore,SGP,1990,Male,"""15-24""",284185.5,15
Singapore,SGP,1991,Male,"""15-24""",284373,15
Singapore,SGP,1992,Male,"""15-24""",285886,15
Singapore,SGP,1993,Male,"""15-24""",290090,15
Singapore,SGP,1994,Male,"""15-24""",297475.5,15
Singapore,SGP,1995,Male,"""15-24""",309645.5,15
Singapore,SGP,1996,Male,"""15-24""",325700.5,15
Singapore,SGP,1997,Male,"""15-24""",341402.5,15
Singapore,SGP,1998,Male,"""15-24""",349373.5,15
Singapore,SGP,1999,Male,"""15-24""",348599,15
Singapore,SGP,2000,Male,"""15-24""",350725.5,15
Singapore,SGP,2001,Male,"""15-24""",355354,15
Singapore,SGP,2002,Male,"""15-24""",352130.5,15
Singapore,SGP,2003,Male,"""15-24""",347357.5,15
Singapore,SGP,2004,Male,"""15-24""",352400.5,15
Singapore,SGP,2005,Male,"""15-24""",367471.5,15
Singapore,SGP,2006,Male,"""15-24""",391462,15
Singapore,SGP,2007,Male,"""15-24""",427030.5,15
Singapore,SGP,2008,Male,"""15-24""",464684.5,15
Singapore,SGP,2009,Male,"""15-24""",488272,15
Singapore,SGP,2010,Male,"""15-24""",501430.5,15
Singapore,SGP,2011,Male,"""15-24""",517068,15
Singapore,SGP,2012,Male,"""15-24""",535618,15
Singapore,SGP,2013,Male,"""15-24""",549024,15
Singapore,SGP,2014,Male,"""15-24""",554662.5,15
Singapore,SGP,2015,Male,"""15-24""",556847.5,15
Singapore,SGP,2016,Male,"""15-24""",553862.5,15
Singapore,SGP,2017,Male,"""15-24""",543226,15
Singapore,SGP,2018,Male,"""15-24""",536710.5,15
Singapore,SGP,2019,Male,"""15-24""",536336,15
Singapore,SGP,2020,Male,"""15-24""",522604,15
Singapore,SGP,2021,Male,"""15-24""",504308.5,15
Singapore,SGP,2022,Male,"""15-24""",511960,15
Singapore,SGP,2023,Male,"""15-24""",508374.5,15
Singapore,SGP,1950,Male,"""25-64""",214447,25
Singapore,SGP,1951,Male,"""25-64""",224530,25
Singapore,SGP,1952,Male,"""25-64""",235341,25
Singapore,SGP,1953,Male,"""25-64""",247070.5,25
Singapore,SGP,1954,Male,"""25-64""",259877,25
Singapore,SGP,1955,Male,"""25-64""",273793,25
Singapore,SGP,1956,Male,"""25-64""",288626,25
Singapore,SGP,1957,Male,"""25-64""",301793.5,25
Singapore,SGP,1958,Male,"""25-64""",310897.5,25
Singapore,SGP,1959,Male,"""25-64""",318000.5,25
Singapore,SGP,1960,Male,"""25-64""",325162.5,25
Singapore,SGP,1961,Male,"""25-64""",332497.5,25
Singapore,SGP,1962,Male,"""25-64""",340089.5,25
Singapore,SGP,1963,Male,"""25-64""",347888.5,25
Singapore,SGP,1964,Male,"""25-64""",355786.5,25
Singapore,SGP,1965,Male,"""25-64""",363655,25
Singapore,SGP,1966,Male,"""25-64""",371252,25
Singapore,SGP,1967,Male,"""25-64""",378322.5,25
Singapore,SGP,1968,Male,"""25-64""",384856.5,25
Singapore,SGP,1969,Male,"""25-64""",391446,25
Singapore,SGP,1970,Male,"""25-64""",398885.5,25
Singapore,SGP,1971,Male,"""25-64""",407743,25
Singapore,SGP,1972,Male,"""25-64""",418701,25
Singapore,SGP,1973,Male,"""25-64""",431701,25
Singapore,SGP,1974,Male,"""25-64""",445899.5,25
Singapore,SGP,1975,Male,"""25-64""",460581.5,25
Singapore,SGP,1976,Male,"""25-64""",475506,25
Singapore,SGP,1977,Male,"""25-64""",491126,25
Singapore,SGP,1978,Male,"""25-64""",508129.5,25
Singapore,SGP,1979,Male,"""25-64""",526622.5,25
Singapore,SGP,1980,Male,"""25-64""",552571,25
Singapore,SGP,1981,Male,"""25-64""",592564,25
Singapore,SGP,1982,Male,"""25-64""",633697,25
Singapore,SGP,1983,Male,"""25-64""",663954,25
Singapore,SGP,1984,Male,"""25-64""",687276.5,25
Singapore,SGP,1985,Male,"""25-64""",703874,25
Singapore,SGP,1986,Male,"""25-64""",718611,25
Singapore,SGP,1987,Male,"""25-64""",741064,25
Singapore,SGP,1988,Male,"""25-64""",770982,25
Singapore,SGP,1989,Male,"""25-64""",806703.5,25
Singapore,SGP,1990,Male,"""25-64""",844415,25
Singapore,SGP,1991,Male,"""25-64""",877899,25
Singapore,SGP,1992,Male,"""25-64""",909388.5,25
Singapore,SGP,1993,Male,"""25-64""",942830,25
Singapore,SGP,1994,Male,"""25-64""",979181.5,25
Singapore,SGP,1995,Male,"""25-64""",1023691,25
Singapore,SGP,1996,Male,"""25-64""",1078439.5,25
Singapore,SGP,1997,Male,"""25-64""",1135142.5,25
Singapore,SGP,1998,Male,"""25-64""",1177566.5,25
Singapore,SGP,1999,Male,"""25-64""",1197756,25
Singapore,SGP,2000,Male,"""25-64""",1216367.5,25
Singapore,SGP,2001,Male,"""25-64""",1240967,25
Singapore,SGP,2002,Male,"""25-64""",1247738,25
Singapore,SGP,2003,Male,"""25-64""",1239933,25
Singapore,SGP,2004,Male,"""25-64""",1248391.5,25
Singapore,SGP,2005,Male,"""25-64""",1281791.5,25
Singapore,SGP,2006,Male,"""25-64""",1336909,25
Singapore,SGP,2007,Male,"""25-64""",1418830.5,25
Singapore,SGP,2008,Male,"""25-64""",1509015,25
Singapore,SGP,2009,Male,"""25-64""",1572172.5,25
Singapore,SGP,2010,Male,"""25-64""",1608417.5,25
Singapore,SGP,2011,Male,"""25-64""",1640530,25
Singapore,SGP,2012,Male,"""25-64""",1676146.5,25
Singapore,SGP,2013,Male,"""25-64""",1709310.5,25
Singapore,SGP,2014,Male,"""25-64""",1732914.5,25
Singapore,SGP,2015,Male,"""25-64""",1748567.5,25
Singapore,SGP,2016,Male,"""25-64""",1754061.5,25
Singapore,SGP,2017,Male,"""25-64""",1745374.5,25
Singapore,SGP,2018,Male,"""25-64""",1744644,25
Singapore,SGP,2019,Male,"""25-64""",1757670.5,25
Singapore,SGP,2020,Male,"""25-64""",1739255.5,25
Singapore,SGP,2021,Male,"""25-64""",1705349,25
Singapore,SGP,2022,Male,"""25-64""",1731465,25
Singapore,SGP,2023,Male,"""25-64""",1786217.5,25
Singapore,SGP,1950,Male,"""65+""",9012.5,65
Singapore,SGP,1951,Male,"""65+""",8873.5,65
Singapore,SGP,1952,Male,"""65+""",8886,65
Singapore,SGP,1953,Male,"""65+""",9065.5,65
Singapore,SGP,1954,Male,"""65+""",9454.5,65
Singapore,SGP,1955,Male,"""65+""",10150,65
Singapore,SGP,1956,Male,"""65+""",11242.5,65
Singapore,SGP,1957,Male,"""65+""",12488.5,65
Singapore,SGP,1958,Male,"""65+""",13525,65
Singapore,SGP,1959,Male,"""65+""",14460,65
Singapore,SGP,1960,Male,"""65+""",15483,65
Singapore,SGP,1961,Male,"""65+""",16579.5,65
Singapore,SGP,1962,Male,"""65+""",17758.5,65
Singapore,SGP,1963,Male,"""65+""",19072.5,65
Singapore,SGP,1964,Male,"""65+""",20547,65
Singapore,SGP,1965,Male,"""65+""",22140,65
Singapore,SGP,1966,Male,"""65+""",23820.5,65
Singapore,SGP,1967,Male,"""65+""",25568.5,65
Singapore,SGP,1968,Male,"""65+""",27350.5,65
Singapore,SGP,1969,Male,"""65+""",29173.5,65
Singapore,SGP,1970,Male,"""65+""",30991.5,65
Singapore,SGP,1971,Male,"""65+""",32744,65
Singapore,SGP,1972,Male,"""65+""",34551.5,65
Singapore,SGP,1973,Male,"""65+""",36519,65
Singapore,SGP,1974,Male,"""65+""",38631,65
Singapore,SGP,1975,Male,"""65+""",40887.5,65
Singapore,SGP,1976,Male,"""65+""",43244.5,65
Singapore,SGP,1977,Male,"""65+""",45569.5,65
Singapore,SGP,1978,Male,"""65+""",47702.5,65
Singapore,SGP,1979,Male,"""65+""",49608,65
Singapore,SGP,1980,Male,"""65+""",51536.5,65
Singapore,SGP,1981,Male,"""65+""",53749,65
Singapore,SGP,1982,Male,"""65+""",56069.5,65
Singapore,SGP,1983,Male,"""65+""",58261.5,65
Singapore,SGP,1984,Male,"""65+""",60428.5,65
Singapore,SGP,1985,Male,"""65+""",62616,65
Singapore,SGP,1986,Male,"""65+""",64898,65
Singapore,SGP,1987,Male,"""65+""",67462.5,65
Singapore,SGP,1988,Male,"""65+""",70187,65
Singapore,SGP,1989,Male,"""65+""",73082,65
Singapore,SGP,1990,Male,"""65+""",75995.5,65
Singapore,SGP,1991,Male,"""65+""",78745,65
Singapore,SGP,1992,Male,"""65+""",81755.5,65
Singapore,SGP,1993,Male,"""65+""",85100.5,65
Singapore,SGP,1994,Male,"""65+""",88607,65
Singapore,SGP,1995,Male,"""65+""",92171.5,65
Singapore,SGP,1996,Male,"""65+""",95730,65
Singapore,SGP,1997,Male,"""65+""",99510.5,65
Singapore,SGP,1998,Male,"""65+""",103660,65
Singapore,SGP,1999,Male,"""65+""",108088,65
Singapore,SGP,2000,Male,"""65+""",112517,65
Singapore,SGP,2001,Male,"""65+""",116452.5,65
Singapore,SGP,2002,Male,"""65+""",118459,65
Singapore,SGP,2003,Male,"""65+""",119873.5,65
Singapore,SGP,2004,Male,"""65+""",124575.5,65
Singapore,SGP,2005,Male,"""65+""",131749,65
Singapore,SGP,2006,Male,"""65+""",138651,65
Singapore,SGP,2007,Male,"""65+""",144598.5,65
Singapore,SGP,2008,Male,"""65+""",151037,65
Singapore,SGP,2009,Male,"""65+""",158077,65
Singapore,SGP,2010,Male,"""65+""",163741,65
Singapore,SGP,2011,Male,"""65+""",170942,65
Singapore,SGP,2012,Male,"""65+""",182377.5,65
Singapore,SGP,2013,Male,"""65+""",195594,65
Singapore,SGP,2014,Male,"""65+""",209119,65
Singapore,SGP,2015,Male,"""65+""",223052,65
Singapore,SGP,2016,Male,"""65+""",237210,65
Singapore,SGP,2017,Male,"""65+""",252016,65
Singapore,SGP,2018,Male,"""65+""",267555,65
Singapore,SGP,2019,Male,"""65+""",283035.5,65
Singapore,SGP,2020,Male,"""65+""",296994,65
Singapore,SGP,2021,Male,"""65+""",310707.5,65
Singapore,SGP,2022,Male,"""65+""",328218,65
Singapore,SGP,2023,Male,"""65+""",348004,65
Singapore,SGP,1950,Female,"""0-4""",122700,0
Singapore,SGP,1951,Female,"""0-4""",126140,0
Singapore,SGP,1952,Female,"""0-4""",129923,0
Singapore,SGP,1953,Female,"""0-4""",134682,0
Singapore,SGP,1954,Female,"""0-4""",141063,0
Singapore,SGP,1955,Female,"""0-4""",149768.5,0
Singapore,SGP,1956,Female,"""0-4""",160621,0
Singapore,SGP,1957,Female,"""0-4""",172682.5,0
Singapore,SGP,1958,Female,"""0-4""",185264,0
Singapore,SGP,1959,Female,"""0-4""",198026.5,0
Singapore,SGP,1960,Female,"""0-4""",210567,0
Singapore,SGP,1961,Female,"""0-4""",222322.5,0
Singapore,SGP,1962,Female,"""0-4""",233016.5,0
Singapore,SGP,1963,Female,"""0-4""",242191.5,0
Singapore,SGP,1964,Female,"""0-4""",249691,0
Singapore,SGP,1965,Female,"""0-4""",255940,0
Singapore,SGP,1966,Female,"""0-4""",261211,0
Singapore,SGP,1967,Female,"""0-4""",265533,0
Singapore,SGP,1968,Female,"""0-4""",268844,0
Singapore,SGP,1969,Female,"""0-4""",271035,0
Singapore,SGP,1970,Female,"""0-4""",271998,0
Singapore,SGP,1971,Female,"""0-4""",271389,0
Singapore,SGP,1972,Female,"""0-4""",268745.5,0
Singapore,SGP,1973,Female,"""0-4""",264017.5,0
Singapore,SGP,1974,Female,"""0-4""",257582,0
Singapore,SGP,1975,Female,"""0-4""",250393,0
Singapore,SGP,1976,Female,"""0-4""",243530.5,0
Singapore,SGP,1977,Female,"""0-4""",237339.5,0
Singapore,SGP,1978,Female,"""0-4""",231348.5,0
Singapore,SGP,1979,Female,"""0-4""",224871.5,0
Singapore,SGP,1980,Female,"""0-4""",218554.5,0
Singapore,SGP,1981,Female,"""0-4""",213652.5,0
Singapore,SGP,1982,Female,"""0-4""",209845.5,0
Singapore,SGP,1983,Female,"""0-4""",206627,0
Singapore,SGP,1984,Female,"""0-4""",204277.5,0
Singapore,SGP,1985,Female,"""0-4""",202494,0
Singapore,SGP,1986,Female,"""0-4""",200928,0
Singapore,SGP,1987,Female,"""0-4""",199496,0
Singapore,SGP,1988,Female,"""0-4""",198129.5,0
Singapore,SGP,1989,Female,"""0-4""",197939,0
Singapore,SGP,1990,Female,"""0-4""",199580,0
Singapore,SGP,1991,Female,"""0-4""",201438.5,0
Singapore,SGP,1992,Female,"""0-4""",203644,0
Singapore,SGP,1993,Female,"""0-4""",208263.5,0
Singapore,SGP,1994,Female,"""0-4""",214386.5,0
Singapore,SGP,1995,Female,"""0-4""",220151.5,0
Singapore,SGP,1996,Female,"""0-4""",225848.5,0
Singapore,SGP,1997,Female,"""0-4""",231664.5,0
Singapore,SGP,1998,Female,"""0-4""",237487.5,0
Singapore,SGP,1999,Female,"""0-4""",242930.5,0
Singapore,SGP,2000,Female,"""0-4""",247567,0
Singapore,SGP,2001,Female,"""0-4""",252262,0
Singapore,SGP,2002,Female,"""0-4""",255378.5,0
Singapore,SGP,2003,Female,"""0-4""",254209,0
Singapore,SGP,2004,Female,"""0-4""",251332,0
Singapore,SGP,2005,Female,"""0-4""",249861.5,0
Singapore,SGP,2006,Female,"""0-4""",248561,0
Singapore,SGP,2007,Female,"""0-4""",246566,0
Singapore,SGP,2008,Female,"""0-4""",244273,0
Singapore,SGP,2009,Female,"""0-4""",241569.5,0
Singapore,SGP,2010,Female,"""0-4""",238749.5,0
Singapore,SGP,2011,Female,"""0-4""",236251,0
Singapore,SGP,2012,Female,"""0-4""",234054.5,0
Singapore,SGP,2013,Female,"""0-4""",232182.5,0
Singapore,SGP,2014,Female,"""0-4""",230475,0
Singapore,SGP,2015,Female,"""0-4""",228049.5,0
Singapore,SGP,2016,Female,"""0-4""",225329.5,0
Singapore,SGP,2017,Female,"""0-4""",223742.5,0
Singapore,SGP,2018,Female,"""0-4""",223117.5,0
Singapore,SGP,2019,Female,"""0-4""",222536,0
Singapore,SGP,2020,Female,"""0-4""",220299,0
Singapore,SGP,2021,Female,"""0-4""",217979.5,0
Singapore,SGP,2022,Female,"""0-4""",219698,0
Singapore,SGP,2023,Female,"""0-4""",220362,0
Singapore,SGP,1950,Female,"""5-14""",122700,5
Singapore,SGP,1951,Female,"""5-14""",126140,5
Singapore,SGP,1952,Female,"""5-14""",129923,5
Singapore,SGP,1953,Female,"""5-14""",134682,5
Singapore,SGP,1954,Female,"""5-14""",141063,5
Singapore,SGP,1955,Female,"""5-14""",149768.5,5
Singapore,SGP,1956,Female,"""5-14""",160621,5
Singapore,SGP,1957,Female,"""5-14""",172682.5,5
Singapore,SGP,1958,Female,"""5-14""",185264,5
Singapore,SGP,1959,Female,"""5-14""",198026.5,5
Singapore,SGP,1960,Female,"""5-14""",210567,5
Singapore,SGP,1961,Female,"""5-14""",222322.5,5
Singapore,SGP,1962,Female,"""5-14""",233016.5,5
Singapore,SGP,1963,Female,"""5-14""",242191.5,5
Singapore,SGP,1964,Female,"""5-14""",249691,5
Singapore,SGP,1965,Female,"""5-14""",255940,5
Singapore,SGP,1966,Female,"""5-14""",261211,5
Singapore,SGP,1967,Female,"""5-14""",265533,5
Singapore,SGP,1968,Female,"""5-14""",268844,5
Singapore,SGP,1969,Female,"""5-14""",271035,5
Singapore,SGP,1970,Female,"""5-14""",271998,5
Singapore,SGP,1971,Female,"""5-14""",271389,5
Singapore,SGP,1972,Female,"""5-14""",268745.5,5
Singapore,SGP,1973,Female,"""5-14""",264017.5,5
Singapore,SGP,1974,Female,"""5-14""",257582,5
Singapore,SGP,1975,Female,"""5-14""",250393,5
Singapore,SGP,1976,Female,"""5-14""",243530.5,5
Singapore,SGP,1977,Female,"""5-14""",237339.5,5
Singapore,SGP,1978,Female,"""5-14""",231348.5,5
Singapore,SGP,1979,Female,"""5-14""",224871.5,5
Singapore,SGP,1980,Female,"""5-14""",218554.5,5
Singapore,SGP,1981,Female,"""5-14""",213652.5,5
Singapore,SGP,1982,Female,"""5-14""",209845.5,5
Singapore,SGP,1983,Female,"""5-14""",206627,5
Singapore,SGP,1984,Female,"""5-14""",204277.5,5
Singapore,SGP,1985,Female,"""5-14""",202494,5
Singapore,SGP,1986,Female,"""5-14""",200928,5
Singapore,SGP,1987,Female,"""5-14""",199496,5
Singapore,SGP,1988,Female,"""5-14""",198129.5,5
Singapore,SGP,1989,Female,"""5-14""",197939,5
Singapore,SGP,1990,Female,"""5-14""",199580,5
Singapore,SGP,1991,Female,"""5-14""",201438.5,5
Singapore,SGP,1992,Female,"""5-14""",203644,5
Singapore,SGP,1993,Female,"""5-14""",208263.5,5
Singapore,SGP,1994,Female,"""5-14""",214386.5,5
Singapore,SGP,1995,Female,"""5-14""",220151.5,5
Singapore,SGP,1996,Female,"""5-14""",225848.5,5
Singapore,SGP,1997,Female,"""5-14""",231664.5,5
Singapore,SGP,1998,Female,"""5-14""",237487.5,5
Singapore,SGP,1999,Female,"""5-14""",242930.5,5
Singapore,SGP,2000,Female,"""5-14""",247567,5
Singapore,SGP,2001,Female,"""5-14""",252262,5
Singapore,SGP,2002,Female,"""5-14""",255378.5,5
Singapore,SGP,2003,Female,"""5-14""",254209,5
Singapore,SGP,2004,Female,"""5-14""",251332,5
Singapore,SGP,2005,Female,"""5-14""",249861.5,5
Singapore,SGP,2006,Female,"""5-14""",248561,5
Singapore,SGP,2007,Female,"""5-14""",246566,5
Singapore,SGP,2008,Female,"""5-14""",244273,5
Singapore,SGP,2009,Female,"""5-14""",241569.5,5
Singapore,SGP,2010,Female,"""5-14""",238749.5,5
Singapore,SGP,2011,Female,"""5-14""",236251,5
Singapore,SGP,2012,Female,"""5-14""",234054.5,5
Singapore,SGP,2013,Female,"""5-14""",232182.5,5
Singapore,SGP,2014,Female,"""5-14""",230475,5
Singapore,SGP,2015,Female,"""5-14""",228049.5,5
Singapore,SGP,2016,Female,"""5-14""",225329.5,5
Singapore,SGP,2017,Female,"""5-14""",223742.5,5
Singapore,SGP,2018,Female,"""5-14""",223117.5,5
Singapore,SGP,2019,Female,"""5-14""",222536,5
Singapore,SGP,2020,Female,"""5-14""",220299,5
Singapore,SGP,2021,Female,"""5-14""",217979.5,5
Singapore,SGP,2022,Female,"""5-14""",219698,5
Singapore,SGP,2023,Female,"""5-14""",220362,5
Singapore,SGP,1950,Female,"""15-24""",88489.5,15
Singapore,SGP,1951,Female,"""15-24""",93726,15
Singapore,SGP,1952,Female,"""15-24""",99392,15
Singapore,SGP,1953,Female,"""15-24""",105145.5,15
Singapore,SGP,1954,Female,"""15-24""",110516,15
Singapore,SGP,1955,Female,"""15-24""",115226.5,15
Singapore,SGP,1956,Female,"""15-24""",119206.5,15
Singapore,SGP,1957,Female,"""15-24""",122101.5,15
Singapore,SGP,1958,Female,"""15-24""",123977.5,15
Singapore,SGP,1959,Female,"""15-24""",125777.5,15
Singapore,SGP,1960,Female,"""15-24""",128373.5,15
Singapore,SGP,1961,Female,"""15-24""",132213,15
Singapore,SGP,1962,Female,"""15-24""",137514,15
Singapore,SGP,1963,Female,"""15-24""",144327,15
Singapore,SGP,1964,Female,"""15-24""",152346.5,15
Singapore,SGP,1965,Female,"""15-24""",161176,15
Singapore,SGP,1966,Female,"""15-24""",170826,15
Singapore,SGP,1967,Female,"""15-24""",181561,15
Singapore,SGP,1968,Female,"""15-24""",193497,15
Singapore,SGP,1969,Female,"""15-24""",206216.5,15
Singapore,SGP,1970,Female,"""15-24""",218922,15
Singapore,SGP,1971,Female,"""15-24""",230901,15
Singapore,SGP,1972,Female,"""15-24""",241395.5,15
Singapore,SGP,1973,Female,"""15-24""",250305,15
Singapore,SGP,1974,Female,"""15-24""",258209.5,15
Singapore,SGP,1975,Female,"""15-24""",265480,15
Singapore,SGP,1976,Female,"""15-24""",272054,15
Singapore,SGP,1977,Female,"""15-24""",277467.5,15
Singapore,SGP,1978,Female,"""15-24""",281487,15
Singapore,SGP,1979,Female,"""15-24""",283775,15
Singapore,SGP,1980,Female,"""15-24""",287710,15
Singapore,SGP,1981,Female,"""15-24""",296478.5,15
Singapore,SGP,1982,Female,"""15-24""",302639,15
Singapore,SGP,1983,Female,"""15-24""",300977.5,15
Singapore,SGP,1984,Female,"""15-24""",294252.5,15
Singapore,SGP,1985,Female,"""15-24""",283728.5,15
Singapore,SGP,1986,Female,"""15-24""",273663.5,15
Singapore,SGP,1987,Female,"""15-24""",268984,15
Singapore,SGP,1988,Female,"""15-24""",268493,15
Singapore,SGP,1989,Female,"""15-24""",270245.5,15
Singapore,SGP,1990,Female,"""15-24""",273873.5,15
Singapore,SGP,1991,Female,"""15-24""",277769,15
Singapore,SGP,1992,Female,"""15-24""",280553.5,15
Singapore,SGP,1993,Female,"""15-24""",282944,15
Singapore,SGP,1994,Female,"""15-24""",286748,15
Singapore,SGP,1995,Female,"""15-24""",292155.5,15
Singapore,SGP,1996,Female,"""15-24""",297859,15
Singapore,SGP,1997,Female,"""15-24""",302967,15
Singapore,SGP,1998,Female,"""15-24""",306349.5,15
Singapore,SGP,1999,Female,"""15-24""",308903,15
Singapore,SGP,2000,Female,"""15-24""",314486.5,15
Singapore,SGP,2001,Female,"""15-24""",320839,15
Singapore,SGP,2002,Female,"""15-24""",322718.5,15
Singapore,SGP,2003,Female,"""15-24""",324015.5,15
Singapore,SGP,2004,Female,"""15-24""",330294,15
Singapore,SGP,2005,Female,"""15-24""",340942,15
Singapore,SGP,2006,Female,"""15-24""",354745.5,15
Singapore,SGP,2007,Female,"""15-24""",373151,15
Singapore,SGP,2008,Female,"""15-24""",393916.5,15
Singapore,SGP,2009,Female,"""15-24""",410806.5,15
Singapore,SGP,2010,Female,"""15-24""",424742.5,15
Singapore,SGP,2011,Female,"""15-24""",439618,15
Singapore,SGP,2012,Female,"""15-24""",451407.5,15
Singapore,SGP,2013,Female,"""15-24""",455629.5,15
Singapore,SGP,2014,Female,"""15-24""",456293.5,15
Singapore,SGP,2015,Female,"""15-24""",458729,15
Singapore,SGP,2016,Female,"""15-24""",461140.5,15
Singapore,SGP,2017,Female,"""15-24""",460894.5,15
Singapore,SGP,2018,Female,"""15-24""",457548,15
Singapore,SGP,2019,Female,"""15-24""",450035,15
Singapore,SGP,2020,Female,"""15-24""",434109.5,15
Singapore,SGP,2021,Female,"""15-24""",418397,15
Singapore,SGP,2022,Female,"""15-24""",423715.5,15
Singapore,SGP,2023,Female,"""15-24""",422475.5,15
Singapore,SGP,1950,Female,"""25-64""",182432,25
Singapore,SGP,1951,Female,"""25-64""",188868,25
Singapore,SGP,1952,Female,"""25-64""",195685.5,25
Singapore,SGP,1953,Female,"""25-64""",203049.5,25
Singapore,SGP,1954,Female,"""25-64""",211084,25
Singapore,SGP,1955,Female,"""25-64""",219778.5,25
Singapore,SGP,1956,Female,"""25-64""",229010,25
Singapore,SGP,1957,Female,"""25-64""",238132,25
Singapore,SGP,1958,Female,"""25-64""",246565,25
Singapore,SGP,1959,Female,"""25-64""",254791.5,25
Singapore,SGP,1960,Female,"""25-64""",263323.5,25
Singapore,SGP,1961,Female,"""25-64""",272215,25
Singapore,SGP,1962,Female,"""25-64""",281519,25
Singapore,SGP,1963,Female,"""25-64""",291206,25
Singapore,SGP,1964,Female,"""25-64""",301183.5,25
Singapore,SGP,1965,Female,"""25-64""",311294.5,25
Singapore,SGP,1966,Female,"""25-64""",321254.5,25
Singapore,SGP,1967,Female,"""25-64""",330758.5,25
Singapore,SGP,1968,Female,"""25-64""",339752,25
Singapore,SGP,1969,Female,"""25-64""",348767,25
Singapore,SGP,1970,Female,"""25-64""",358519.5,25
Singapore,SGP,1971,Female,"""25-64""",369576,25
Singapore,SGP,1972,Female,"""25-64""",382704.5,25
Singapore,SGP,1973,Female,"""25-64""",397892,25
Singapore,SGP,1974,Female,"""25-64""",414336,25
Singapore,SGP,1975,Female,"""25-64""",431436.5,25
Singapore,SGP,1976,Female,"""25-64""",448988,25
Singapore,SGP,1977,Female,"""25-64""",467280.5,25
Singapore,SGP,1978,Female,"""25-64""",486740.5,25
Singapore,SGP,1979,Female,"""25-64""",507633,25
Singapore,SGP,1980,Female,"""25-64""",534721,25
Singapore,SGP,1981,Female,"""25-64""",572862,25
Singapore,SGP,1982,Female,"""25-64""",611266.5,25
Singapore,SGP,1983,Female,"""25-64""",640058,25
Singapore,SGP,1984,Female,"""25-64""",662619.5,25
Singapore,SGP,1985,Female,"""25-64""",679218.5,25
Singapore,SGP,1986,Female,"""25-64""",694254.5,25
Singapore,SGP,1987,Female,"""25-64""",716084.5,25
Singapore,SGP,1988,Female,"""25-64""",744558,25
Singapore,SGP,1989,Female,"""25-64""",778232,25
Singapore,SGP,1990,Female,"""25-64""",816454,25
Singapore,SGP,1991,Female,"""25-64""",854126.5,25
Singapore,SGP,1992,Female,"""25-64""",886734,25
Singapore,SGP,1993,Female,"""25-64""",916288.5,25
Singapore,SGP,1994,Female,"""25-64""",947074,25
Singapore,SGP,1995,Female,"""25-64""",980620.5,25
Singapore,SGP,1996,Female,"""25-64""",1016363,25
Singapore,SGP,1997,Female,"""25-64""",1052863,25
Singapore,SGP,1998,Female,"""25-64""",1086646,25
Singapore,SGP,1999,Female,"""25-64""",1114985.5,25
Singapore,SGP,2000,Female,"""25-64""",1143220,25
Singapore,SGP,2001,Female,"""25-64""",1173387.5,25
Singapore,SGP,2002,Female,"""25-64""",1192067,25
Singapore,SGP,2003,Female,"""25-64""",1199214.5,25
Singapore,SGP,2004,Female,"""25-64""",1214260.5,25
Singapore,SGP,2005,Female,"""25-64""",1241780.5,25
Singapore,SGP,2006,Female,"""25-64""",1276702,25
Singapore,SGP,2007,Female,"""25-64""",1320229,25
Singapore,SGP,2008,Female,"""25-64""",1369248,25
Singapore,SGP,2009,Female,"""25-64""",1414285.5,25
Singapore,SGP,2010,Female,"""25-64""",1452352.5,25
Singapore,SGP,2011,Female,"""25-64""",1484905.5,25
Singapore,SGP,2012,Female,"""25-64""",1508968.5,25
Singapore,SGP,2013,Female,"""25-64""",1526015,25
Singapore,SGP,2014,Female,"""25-64""",1543142,25
Singapore,SGP,2015,Female,"""25-64""",1563259,25
Singapore,SGP,2016,Female,"""25-64""",1583442.5,25
Singapore,SGP,2017,Female,"""25-64""",1599894.5,25
Singapore,SGP,2018,Female,"""25-64""",1610096.5,25
Singapore,SGP,2019,Female,"""25-64""",1610856,25
Singapore,SGP,2020,Female,"""25-64""",1588863.5,25
Singapore,SGP,2021,Female,"""25-64""",1563440.5,25
Singapore,SGP,2022,Female,"""25-64""",1587438,25
Singapore,SGP,2023,Female,"""25-64""",1631532,25
Singapore,SGP,1950,Female,"""65+""",14847,65
Singapore,SGP,1951,Female,"""65+""",15165.5,65
Singapore,SGP,1952,Female,"""65+""",15525,65
Singapore,SGP,1953,Female,"""65+""",15951.5,65
Singapore,SGP,1954,Female,"""65+""",16486.5,65
Singapore,SGP,1955,Female,"""65+""",17178.5,65
Singapore,SGP,1956,Female,"""65+""",18055,65
Singapore,SGP,1957,Female,"""65+""",19090.5,65
Singapore,SGP,1958,Female,"""65+""",20212,65
Singapore,SGP,1959,Female,"""65+""",21396.5,65
Singapore,SGP,1960,Female,"""65+""",22649,65
Singapore,SGP,1961,Female,"""65+""",23937,65
Singapore,SGP,1962,Female,"""65+""",25270.5,65
Singapore,SGP,1963,Female,"""65+""",26698,65
Singapore,SGP,1964,Female,"""65+""",28232.5,65
Singapore,SGP,1965,Female,"""65+""",29836,65
Singapore,SGP,1966,Female,"""65+""",31485,65
Singapore,SGP,1967,Female,"""65+""",33221.5,65
Singapore,SGP,1968,Female,"""65+""",35085,65
Singapore,SGP,1969,Female,"""65+""",37070.5,65
Singapore,SGP,1970,Female,"""65+""",39109.5,65
Singapore,SGP,1971,Female,"""65+""",41140.5,65
Singapore,SGP,1972,Female,"""65+""",43245.5,65
Singapore,SGP,1973,Female,"""65+""",45485.5,65
Singapore,SGP,1974,Female,"""65+""",47842,65
Singapore,SGP,1975,Female,"""65+""",50334,65
Singapore,SGP,1976,Female,"""65+""",52960.5,65
Singapore,SGP,1977,Female,"""65+""",55694,65
Singapore,SGP,1978,Female,"""65+""",58398.5,65
Singapore,SGP,1979,Female,"""65+""",60906.5,65
Singapore,SGP,1980,Female,"""65+""",63537,65
Singapore,SGP,1981,Female,"""65+""",66724,65
Singapore,SGP,1982,Female,"""65+""",70041.5,65
Singapore,SGP,1983,Female,"""65+""",72988.5,65
Singapore,SGP,1984,Female,"""65+""",75711.5,65
Singapore,SGP,1985,Female,"""65+""",78254.5,65
Singapore,SGP,1986,Female,"""65+""",80816.5,65
Singapore,SGP,1987,Female,"""65+""",83963.5,65
Singapore,SGP,1988,Female,"""65+""",87538,65
Singapore,SGP,1989,Female,"""65+""",91056,65
Singapore,SGP,1990,Female,"""65+""",94211,65
Singapore,SGP,1991,Female,"""65+""",97289.5,65
Singapore,SGP,1992,Female,"""65+""",101073,65
Singapore,SGP,1993,Female,"""65+""",105394.5,65
Singapore,SGP,1994,Female,"""65+""",109794,65
Singapore,SGP,1995,Female,"""65+""",114105,65
Singapore,SGP,1996,Female,"""65+""",118304.5,65
Singapore,SGP,1997,Female,"""65+""",122657.5,65
Singapore,SGP,1998,Female,"""65+""",127637.5,65
Singapore,SGP,1999,Female,"""65+""",133529.5,65
Singapore,SGP,2000,Female,"""65+""",139676,65
Singapore,SGP,2001,Female,"""65+""",145037.5,65
Singapore,SGP,2002,Female,"""65+""",148797,65
Singapore,SGP,2003,Female,"""65+""",152652,65
Singapore,SGP,2004,Female,"""65+""",159678.5,65
Singapore,SGP,2005,Female,"""65+""",168926.5,65
Singapore,SGP,2006,Female,"""65+""",177891.5,65
Singapore,SGP,2007,Female,"""65+""",185655.5,65
Singapore,SGP,2008,Female,"""65+""",193540,65
Singapore,SGP,2009,Female,"""65+""",201969.5,65
Singapore,SGP,2010,Female,"""65+""",208771.5,65
Singapore,SGP,2011,Female,"""65+""",216807,65
Singapore,SGP,2012,Female,"""65+""",229461,65
Singapore,SGP,2013,Female,"""65+""",244147,65
Singapore,SGP,2014,Female,"""65+""",258954,65
Singapore,SGP,2015,Female,"""65+""",274129.5,65
Singapore,SGP,2016,Female,"""65+""",289789.5,65
Singapore,SGP,2017,Female,"""65+""",306375.5,65
Singapore,SGP,2018,Female,"""65+""",323132.5,65
Singapore,SGP,2019,Female,"""65+""",339202,65
Singapore,SGP,2020,Female,"""65+""",354097.5,65
Singapore,SGP,2021,Female,"""65+""",369167.5,65
Singapore,SGP,2022,Female,"""65+""",388803,65
Singapore,SGP,2023,Female,"""65+""",410098.5,65